{"batch_loss": 0.6929993629455566, "_timestamp": 1721923136.0903049, "_runtime": 33.81447696685791, "_step": 3, "_wandb": {"runtime": 35}}