{"batch_loss": 0.0010920530185103416, "_timestamp": 1721933099.038575, "_runtime": 728.6130809783936, "_step": 310, "total_loss": 0.0009129761795823773, "eval: similarity loss": 1.7219953536987305, "eval: T2V - R@1": 83.33333333333333, "eval: T2V - R@5": 100.0, "eval: T2V - R@10": 100.0, "eval: T2V - Median Rank": 1.0, "eval: T2V - Mean Rank": 1.3333333333333333, "eval: V2T - R@1": 83.33333333333333, "eval: V2T - R@5": 83.33333333333333, "eval: V2T - R@10": 100.0, "eval: V2T - Median Rank": 1.0, "eval: V2T - Mean Rank": 1.8333333333333335, "test: similarity loss": 0.3930017650127411, "test: T2V - R@1": 95.83333333333333, "test: T2V - R@5": 100.0, "test: T2V - R@10": 100.0, "test: T2V - Median Rank": 1.0, "test: T2V - Mean Rank": 1.0833333333333333, "test: V2T - R@1": 87.5, "test: V2T - R@5": 95.83333333333333, "test: V2T - R@10": 100.0, "test: V2T - Median Rank": 1.0, "test: V2T - Mean Rank": 1.375, "_wandb": {"runtime": 728}}