{"batch_loss": 0.6026358008384705, "_timestamp": 1721923861.1536176, "_runtime": 18.85392951965332, "_step": 2, "_wandb": {"runtime": 20}}