{"batch_loss": 0.022750189527869225, "_timestamp": 1721931590.907375, "_runtime": 227.40909719467163, "_step": 100, "total_loss": 0.05078520067036152, "eval: similarity loss": 1.6297283172607422, "eval: T2V - R@1": 83.33333333333333, "eval: T2V - R@5": 100.0, "eval: T2V - R@10": 100.0, "eval: T2V - Median Rank": 1.0, "eval: T2V - Mean Rank": 1.3333333333333333, "eval: V2T - R@1": 83.33333333333333, "eval: V2T - R@5": 83.33333333333333, "eval: V2T - R@10": 100.0, "eval: V2T - Median Rank": 1.0, "eval: V2T - Mean Rank": 1.8333333333333335, "test: similarity loss": 0.2978254556655884, "test: T2V - R@1": 95.83333333333333, "test: T2V - R@5": 100.0, "test: T2V - R@10": 100.0, "test: T2V - Median Rank": 1.0, "test: T2V - Mean Rank": 1.125, "test: V2T - R@1": 91.66666666666667, "test: V2T - R@5": 100.0, "test: V2T - R@10": 100.0, "test: V2T - Median Rank": 1.0, "test: V2T - Mean Rank": 1.0833333333333333, "_wandb": {"runtime": 226}}