{"batch_loss": 0.00020645238691940904, "_timestamp": 1721928525.995842, "_runtime": 260.5759780406952, "_step": 118, "total_loss": 0.002280653585330583, "eval: similarity loss": 1.0445386171340942, "eval: T2V - R@1": 83.33333333333333, "eval: T2V - R@5": 100.0, "eval: T2V - R@10": 100.0, "eval: T2V - Median Rank": 1.0, "eval: T2V - Mean Rank": 1.3333333333333333, "eval: V2T - R@1": 83.33333333333333, "eval: V2T - R@5": 100.0, "eval: V2T - R@10": 100.0, "eval: V2T - Median Rank": 1.0, "eval: V2T - Mean Rank": 1.5, "test: similarity loss": 0.13711822032928467, "test: T2V - R@1": 91.66666666666667, "test: T2V - R@5": 100.0, "test: T2V - R@10": 100.0, "test: T2V - Median Rank": 1.0, "test: T2V - Mean Rank": 1.125, "test: V2T - R@1": 95.83333333333333, "test: V2T - R@5": 100.0, "test: V2T - R@10": 100.0, "test: V2T - Median Rank": 1.0, "test: V2T - Mean Rank": 1.0416666666666667, "_wandb": {"runtime": 260}}