{"batch_loss": 0.00014284404460340738, "_timestamp": 1721922934.3488915, "_runtime": 460.80628752708435, "_step": 201, "total_loss": 0.00037033834960311653, "eval: similarity loss": 1.5704715251922607, "eval: T2V - R@1": 83.33333333333333, "eval: T2V - R@5": 100.0, "eval: T2V - R@10": 100.0, "eval: T2V - Median Rank": 1.0, "eval: T2V - Mean Rank": 1.3333333333333333, "eval: V2T - R@1": 83.33333333333333, "eval: V2T - R@5": 83.33333333333333, "eval: V2T - R@10": 100.0, "eval: V2T - Median Rank": 1.0, "eval: V2T - Mean Rank": 1.8333333333333335, "_wandb": {"runtime": 464}}