{"batch_loss": 0.0015005735913291574, "_timestamp": 1721929543.9739, "_runtime": 226.51802110671997, "_step": 100, "total_loss": 0.001711797007980446, "eval: similarity loss": 1.5186223983764648, "eval: T2V - R@1": 83.33333333333333, "eval: T2V - R@5": 100.0, "eval: T2V - R@10": 100.0, "eval: T2V - Median Rank": 1.0, "eval: T2V - Mean Rank": 1.3333333333333333, "eval: V2T - R@1": 83.33333333333333, "eval: V2T - R@5": 100.0, "eval: V2T - R@10": 100.0, "eval: V2T - Median Rank": 1.0, "eval: V2T - Mean Rank": 1.6666666666666665, "test: similarity loss": 0.33386534452438354, "test: T2V - R@1": 91.66666666666667, "test: T2V - R@5": 95.83333333333333, "test: T2V - R@10": 100.0, "test: T2V - Median Rank": 1.0, "test: T2V - Mean Rank": 1.25, "test: V2T - R@1": 87.5, "test: V2T - R@5": 100.0, "test: V2T - R@10": 100.0, "test: V2T - Median Rank": 1.0, "test: V2T - Mean Rank": 1.25, "_wandb": {"runtime": 225}}