{"batch_loss": 0.003163597546517849, "_timestamp": 1721928870.962656, "_runtime": 219.39922094345093, "_step": 100, "total_loss": 0.004086245782673359, "eval: similarity loss": 1.6987428665161133, "eval: T2V - R@1": 50.0, "eval: T2V - R@5": 100.0, "eval: T2V - R@10": 100.0, "eval: T2V - Median Rank": 1.5, "eval: T2V - Mean Rank": 2.166666666666667, "eval: V2T - R@1": 33.333333333333336, "eval: V2T - R@5": 100.0, "eval: V2T - R@10": 100.0, "eval: V2T - Median Rank": 2.0, "eval: V2T - Mean Rank": 2.166666666666667, "test: similarity loss": 0.46206310391426086, "test: T2V - R@1": 91.66666666666667, "test: T2V - R@5": 95.83333333333333, "test: T2V - R@10": 95.83333333333333, "test: T2V - Median Rank": 1.0, "test: T2V - Mean Rank": 1.5833333333333335, "test: V2T - R@1": 91.66666666666667, "test: V2T - R@5": 91.66666666666667, "test: V2T - R@10": 95.83333333333333, "test: V2T - Median Rank": 1.0, "test: V2T - Mean Rank": 1.7083333333333335, "_wandb": {"runtime": 218}}