{"batch_loss": 0.13265997171401978, "_timestamp": 1721923619.8349378, "_runtime": 420.65664982795715, "_step": 180, "total_loss": 0.13014483600854873, "eval: similarity loss": 1.3622932434082031, "eval: T2V - R@1": 83.33333333333333, "eval: T2V - R@5": 100.0, "eval: T2V - R@10": 100.0, "eval: T2V - Median Rank": 1.0, "eval: T2V - Mean Rank": 1.3333333333333333, "eval: V2T - R@1": 83.33333333333333, "eval: V2T - R@5": 83.33333333333333, "eval: V2T - R@10": 100.0, "eval: V2T - Median Rank": 1.0, "eval: V2T - Mean Rank": 1.8333333333333335, "test: similarity loss": 0.2910667955875397, "test: T2V - R@1": 95.83333333333333, "test: T2V - R@5": 100.0, "test: T2V - R@10": 100.0, "test: T2V - Median Rank": 1.0, "test: T2V - Mean Rank": 1.1666666666666667, "test: V2T - R@1": 87.5, "test: V2T - R@5": 100.0, "test: V2T - R@10": 100.0, "test: V2T - Median Rank": 1.0, "test: V2T - Mean Rank": 1.1666666666666667, "_wandb": {"runtime": 420}}