{"batch_loss": 0.014633556827902794, "_timestamp": 1721929862.7456136, "_runtime": 226.2186245918274, "_step": 100, "total_loss": 0.029953737432758015, "eval: similarity loss": 1.3727078437805176, "eval: T2V - R@1": 83.33333333333333, "eval: T2V - R@5": 100.0, "eval: T2V - R@10": 100.0, "eval: T2V - Median Rank": 1.0, "eval: T2V - Mean Rank": 1.3333333333333333, "eval: V2T - R@1": 83.33333333333333, "eval: V2T - R@5": 100.0, "eval: V2T - R@10": 100.0, "eval: V2T - Median Rank": 1.0, "eval: V2T - Mean Rank": 1.6666666666666665, "test: similarity loss": 0.3235987722873688, "test: T2V - R@1": 91.66666666666667, "test: T2V - R@5": 95.83333333333333, "test: T2V - R@10": 100.0, "test: T2V - Median Rank": 1.0, "test: T2V - Mean Rank": 1.25, "test: V2T - R@1": 87.5, "test: V2T - R@5": 100.0, "test: V2T - R@10": 100.0, "test: V2T - Median Rank": 1.0, "test: V2T - Mean Rank": 1.2083333333333333, "_wandb": {"runtime": 225}}