{"batch_loss": 0.4590347409248352, "_timestamp": 1721923940.0195491, "_runtime": 48.120896100997925, "_step": 10, "total_loss": 0.33155457079410555, "_wandb": {"runtime": 52}}