{"batch_loss": 0.0007955417386256158, "_timestamp": 1721927917.5724401, "_runtime": 261.97423219680786, "_step": 118, "total_loss": 0.0029384285929457596, "eval: similarity loss": 1.143394112586975, "eval: T2V - R@1": 83.33333333333333, "eval: T2V - R@5": 100.0, "eval: T2V - R@10": 100.0, "eval: T2V - Median Rank": 1.0, "eval: T2V - Mean Rank": 1.5, "eval: V2T - R@1": 83.33333333333333, "eval: V2T - R@5": 100.0, "eval: V2T - R@10": 100.0, "eval: V2T - Median Rank": 1.0, "eval: V2T - Mean Rank": 1.5, "test: similarity loss": 0.2210620492696762, "test: T2V - R@1": 91.66666666666667, "test: T2V - R@5": 100.0, "test: T2V - R@10": 100.0, "test: T2V - Median Rank": 1.0, "test: T2V - Mean Rank": 1.0833333333333333, "test: V2T - R@1": 91.66666666666667, "test: V2T - R@5": 100.0, "test: V2T - R@10": 100.0, "test: V2T - Median Rank": 1.0, "test: V2T - Mean Rank": 1.1666666666666667, "_wandb": {"runtime": 261}}