{"batch_loss": 0.00099783088080585, "_timestamp": 1721929274.3954864, "_runtime": 223.44146537780762, "_step": 100, "total_loss": 0.0031917052692733705, "eval: similarity loss": 1.7646217346191406, "eval: T2V - R@1": 83.33333333333333, "eval: T2V - R@5": 100.0, "eval: T2V - R@10": 100.0, "eval: T2V - Median Rank": 1.0, "eval: T2V - Mean Rank": 1.3333333333333333, "eval: V2T - R@1": 83.33333333333333, "eval: V2T - R@5": 83.33333333333333, "eval: V2T - R@10": 100.0, "eval: V2T - Median Rank": 1.0, "eval: V2T - Mean Rank": 1.8333333333333335, "test: similarity loss": 0.390686571598053, "test: T2V - R@1": 95.83333333333333, "test: T2V - R@5": 95.83333333333333, "test: T2V - R@10": 100.0, "test: T2V - Median Rank": 1.0, "test: T2V - Mean Rank": 1.3333333333333333, "test: V2T - R@1": 87.5, "test: V2T - R@5": 100.0, "test: V2T - R@10": 100.0, "test: V2T - Median Rank": 1.0, "test: V2T - Mean Rank": 1.3333333333333333, "_wandb": {"runtime": 221}}