{"batch_loss": 0.00024382988340221345, "_timestamp": 1721928210.3867183, "_runtime": 259.2390241622925, "_step": 118, "total_loss": 0.006756744488181236, "eval: similarity loss": 0.8087543249130249, "eval: T2V - R@1": 66.66666666666667, "eval: T2V - R@5": 100.0, "eval: T2V - R@10": 100.0, "eval: T2V - Median Rank": 1.0, "eval: T2V - Mean Rank": 1.3333333333333333, "eval: V2T - R@1": 83.33333333333333, "eval: V2T - R@5": 100.0, "eval: V2T - R@10": 100.0, "eval: V2T - Median Rank": 1.0, "eval: V2T - Mean Rank": 1.1666666666666667, "test: similarity loss": 0.6782625913619995, "test: T2V - R@1": 83.33333333333333, "test: T2V - R@5": 95.83333333333333, "test: T2V - R@10": 95.83333333333333, "test: T2V - Median Rank": 1.0, "test: T2V - Mean Rank": 1.625, "test: V2T - R@1": 75.0, "test: V2T - R@5": 91.66666666666667, "test: V2T - R@10": 95.83333333333333, "test: V2T - Median Rank": 1.0, "test: V2T - Mean Rank": 1.8333333333333335, "_wandb": {"runtime": 258}}