{"batch_loss": 0.3175625503063202, "_timestamp": 1721932145.1925623, "_runtime": 444.994829416275, "_step": 190, "total_loss": 0.24748653173446655, "eval: similarity loss": 1.407984733581543, "eval: T2V - R@1": 83.33333333333333, "eval: T2V - R@5": 100.0, "eval: T2V - R@10": 100.0, "eval: T2V - Median Rank": 1.0, "eval: T2V - Mean Rank": 1.3333333333333333, "eval: V2T - R@1": 83.33333333333333, "eval: V2T - R@5": 83.33333333333333, "eval: V2T - R@10": 100.0, "eval: V2T - Median Rank": 1.0, "eval: V2T - Mean Rank": 1.8333333333333335, "test: similarity loss": 0.4817434847354889, "test: T2V - R@1": 91.66666666666667, "test: T2V - R@5": 100.0, "test: T2V - R@10": 100.0, "test: T2V - Median Rank": 1.0, "test: T2V - Mean Rank": 1.1666666666666667, "test: V2T - R@1": 83.33333333333333, "test: V2T - R@5": 91.66666666666667, "test: V2T - R@10": 100.0, "test: V2T - Median Rank": 1.0, "test: V2T - Mean Rank": 1.5833333333333335, "_wandb": {"runtime": 444}}