{"batch_loss": 0.2789163589477539, "_timestamp": 1721923067.051772, "_runtime": 35.76732802391052, "_step": 6, "_wandb": {"runtime": 36}}