{"batch_loss": 0.6871077418327332, "_timestamp": 1721925440.7534134, "_runtime": 17.954034328460693, "_step": 0, "_wandb": {"runtime": 20}}