{"batch_loss": 0.1946428418159485, "_timestamp": 1721918771.3449833, "_runtime": 23.501680374145508, "_step": 2, "_wandb": {"runtime": 23}}